<?xml version="1.0" encoding="UTF-8"?>
<beans xmlns="http://www.springframework.org/schema/beans"
	xmlns:xsi="http://www.w3.org/2001/XMLSchema-instance" xmlns:p="http://www.springframework.org/schema/p"
	xmlns:context="http://www.springframework.org/schema/context"
	xmlns:mvc="http://www.springframework.org/schema/mvc"
	xmlns:util="http://www.springframework.org/schema/util" 
	xmlns:aop="http://www.springframework.org/schema/aop"
	xmlns:tx="http://www.springframework.org/schema/tx"
	xsi:schemaLocation="http://www.springframework.org/schema/beans 
		http://www.springframework.org/schema/beans/spring-beans.xsd
		http://www.springframework.org/schema/context 
		http://www.springframework.org/schema/context/spring-context.xsd
		http://www.springframework.org/schema/mvc
		http://www.springframework.org/schema/mvc/spring-mvc-3.0.xsd
		http://www.springframework.org/schema/util 
		http://www.springframework.org/schema/util/spring-util.xsd
		http://www.springframework.org/schema/aop 
		http://www.springframework.org/schema/aop/spring-aop-3.0.xsd
		http://www.springframework.org/schema/tx
		http://www.springframework.org/schema/tx/spring-tx-3.0.xsd">
 <mvc:annotation-driven />
<context:component-scan base-package="com.meta.controller"></context:component-scan>
<context:annotation-config />
<bean class="org.springframework.web.servlet.view.InternalResourceViewResolver">
<property name="prefix" value="./jsp/"></property>
<property name="suffix" value=".jsp"></property>
</bean>
<bean id="TopicEventMapBean" class="com.mate.bean.TopicEventMapBean"></bean>
</beans>